,Customer Count,Monetary,Monetary,Frequency,Recency
,count,mean,sum,mean,mean
Segment,,,,,
At Risk,65,1911.5663579692307,124251.813268,5.984615384615385,240.1846153846154
Champions,103,4629.149501582524,476802.39866299997,9.300970873786408,25.0
Lost,171,1456.8858380643276,249127.478309,3.7134502923976607,377.5497076023392
Loyal Customers,150,3498.4540469600006,524768.1070440001,8.633333333333333,146.01333333333332
Others,183,2270.45757268306,415493.735801,4.540983606557377,45.486338797814206
Potential Loyalists,121,1522.109032016529,184175.192874,7.446280991735537,34.98347107438016
